﻿{"cameraMode":{"drawMode":0,"name":"Shaded","section":"Shading Mode"},"sceneLighting":true,"audioPlay":false,"sceneViewState":{"showFog":false,"showMaterialUpdate":false,"showSkybox":false,"showFlares":false,"showImageEffects":false,"showParticleSystems":false},"in2DMode":false,"pivot":{"x":-1.9299999475479127,"y":2.809999942779541,"z":-6.380000114440918},"rotation":{"x":-0.0796445682644844,"y":0.19518862664699555,"z":-0.01591792143881321,"w":-0.9773969650268555},"size":13.154642105102539,"orthographic":false}